id,Status
7905,0
7906,0
7907,2
7908,0
7909,0
7910,0
7911,0
7912,2
7913,2
7914,0
7915,0
7916,0
7917,2
7918,0
7919,2
7920,0
7921,0
7922,2
7923,0
7924,0
7925,2
7926,0
7927,0
7928,2
7929,0
7930,2
7931,0
7932,2
7933,0
7934,0
7935,0
7936,0
7937,2
7938,0
7939,0
7940,0
7941,2
7942,0
7943,2
7944,0
7945,0
7946,0
7947,0
7948,2
7949,2
7950,0
7951,2
7952,2
7953,2
7954,0
7955,2
7956,2
7957,0
7958,2
7959,2
7960,2
7961,0
7962,2
7963,2
7964,2
7965,0
7966,2
7967,0
7968,0
7969,2
7970,0
7971,0
7972,0
7973,0
7974,2
7975,0
7976,0
7977,0
7978,2
7979,2
7980,0
7981,0
7982,0
7983,0
7984,2
7985,0
7986,2
7987,0
7988,0
7989,0
7990,2
7991,2
7992,0
7993,0
7994,0
7995,0
7996,2
7997,0
7998,2
7999,2
8000,0
8001,0
8002,2
8003,0
8004,0
8005,0
8006,0
8007,0
8008,0
8009,0
8010,0
8011,0
8012,0
8013,2
8014,0
8015,0
8016,0
8017,0
8018,0
8019,0
8020,2
8021,2
8022,2
8023,0
8024,0
8025,2
8026,0
8027,0
8028,2
8029,2
8030,0
8031,0
8032,0
8033,2
8034,2
8035,0
8036,0
8037,2
8038,0
8039,2
8040,0
8041,2
8042,2
8043,0
8044,2
8045,2
8046,0
8047,0
8048,0
8049,0
8050,0
8051,2
8052,0
8053,2
8054,0
8055,0
8056,0
8057,0
8058,0
8059,0
8060,2
8061,2
8062,2
8063,0
8064,2
8065,0
8066,0
8067,2
8068,0
8069,0
8070,0
8071,0
8072,0
8073,0
8074,0
8075,0
8076,0
8077,2
8078,2
8079,0
8080,0
8081,0
8082,0
8083,2
8084,2
8085,0
8086,2
8087,0
8088,0
8089,2
8090,2
8091,0
8092,2
8093,0
8094,2
8095,0
8096,0
8097,2
8098,0
8099,0
8100,2
8101,0
8102,0
8103,0
8104,0
8105,2
8106,0
8107,2
8108,0
8109,0
8110,0
8111,0
8112,0
8113,2
8114,2
8115,0
8116,0
8117,2
8118,0
8119,0
8120,0
8121,2
8122,0
8123,0
8124,2
8125,0
8126,0
8127,2
8128,0
8129,0
8130,0
8131,2
8132,0
8133,0
8134,0
8135,2
8136,2
8137,2
8138,2
8139,2
8140,0
8141,0
8142,0
8143,0
8144,2
8145,0
8146,0
8147,0
8148,0
8149,0
8150,0
8151,2
8152,0
8153,0
8154,0
8155,2
8156,0
8157,0
8158,0
8159,0
8160,0
8161,0
8162,2
8163,2
8164,0
8165,2
8166,0
8167,0
8168,0
8169,0
8170,0
8171,2
8172,2
8173,0
8174,0
8175,0
8176,0
8177,2
8178,0
8179,0
8180,0
8181,2
8182,0
8183,0
8184,0
8185,0
8186,0
8187,2
8188,0
8189,2
8190,2
8191,0
8192,0
8193,0
8194,0
8195,0
8196,0
8197,0
8198,0
8199,0
8200,0
8201,2
8202,2
8203,0
8204,2
8205,0
8206,2
8207,0
8208,2
8209,2
8210,0
8211,0
8212,0
8213,0
8214,2
8215,0
8216,0
8217,0
8218,2
8219,0
8220,0
8221,2
8222,2
8223,0
8224,0
8225,2
8226,2
8227,0
8228,0
8229,2
8230,0
8231,0
8232,0
8233,2
8234,0
8235,2
8236,2
8237,0
8238,2
8239,2
8240,0
8241,2
8242,0
8243,0
8244,0
8245,0
8246,0
8247,0
8248,0
8249,0
8250,0
8251,0
8252,0
8253,0
8254,0
8255,0
8256,0
8257,0
8258,2
8259,2
8260,0
8261,0
8262,0
8263,0
8264,0
8265,0
8266,2
8267,0
8268,0
8269,0
8270,0
8271,0
8272,0
8273,0
8274,0
8275,2
8276,2
8277,0
8278,0
8279,0
8280,2
8281,0
8282,0
8283,0
8284,0
8285,2
8286,0
8287,0
8288,0
8289,2
8290,2
8291,2
8292,0
8293,0
8294,0
8295,0
8296,0
8297,0
8298,0
8299,0
8300,0
8301,0
8302,2
8303,0
8304,2
8305,0
8306,0
8307,2
8308,0
8309,2
8310,0
8311,0
8312,0
8313,0
8314,0
8315,0
8316,0
8317,0
8318,0
8319,2
8320,0
8321,0
8322,0
8323,2
8324,2
8325,0
8326,0
8327,0
8328,2
8329,0
8330,2
8331,0
8332,0
8333,0
8334,0
8335,0
8336,2
8337,0
8338,0
8339,2
8340,0
8341,0
8342,0
8343,0
8344,2
8345,0
8346,0
8347,2
8348,2
8349,0
8350,0
8351,0
8352,0
8353,2
8354,2
8355,0
8356,0
8357,2
8358,2
8359,0
8360,0
8361,0
8362,0
8363,2
8364,0
8365,0
8366,0
8367,0
8368,0
8369,2
8370,0
8371,0
8372,2
8373,2
8374,2
8375,0
8376,2
8377,0
8378,0
8379,0
8380,0
8381,0
8382,0
8383,0
8384,0
8385,2
8386,2
8387,0
8388,0
8389,0
8390,2
8391,0
8392,0
8393,0
8394,0
8395,2
8396,0
8397,0
8398,0
8399,0
8400,2
8401,2
8402,2
8403,2
8404,0
8405,2
8406,0
8407,0
8408,0
8409,2
8410,0
8411,0
8412,2
8413,2
8414,0
8415,0
8416,0
8417,0
8418,0
8419,2
8420,0
8421,2
8422,0
8423,0
8424,0
8425,0
8426,2
8427,2
8428,0
8429,0
8430,0
8431,2
8432,0
8433,0
8434,2
8435,0
8436,0
8437,2
8438,0
8439,0
8440,0
8441,0
8442,0
8443,0
8444,0
8445,0
8446,0
8447,2
8448,0
8449,0
8450,0
8451,0
8452,0
8453,0
8454,0
8455,2
8456,0
8457,0
8458,0
8459,0
8460,0
8461,2
8462,0
8463,2
8464,0
8465,2
8466,0
8467,0
8468,0
8469,2
8470,0
8471,0
8472,0
8473,0
8474,0
8475,2
8476,0
8477,0
8478,0
8479,0
8480,0
8481,0
8482,2
8483,2
8484,0
8485,0
8486,2
8487,0
8488,0
8489,0
8490,2
8491,2
8492,0
8493,0
8494,0
8495,0
8496,0
8497,0
8498,2
8499,0
8500,0
8501,0
8502,2
8503,0
8504,2
8505,0
8506,0
8507,0
8508,0
8509,0
8510,0
8511,0
8512,2
8513,2
8514,2
8515,0
8516,2
8517,0
8518,0
8519,2
8520,0
8521,0
8522,0
8523,2
8524,0
8525,2
8526,0
8527,0
8528,0
8529,0
8530,0
8531,0
8532,0
8533,0
8534,0
8535,0
8536,0
8537,0
8538,2
8539,0
8540,0
8541,2
8542,0
8543,0
8544,2
8545,2
8546,0
8547,0
8548,0
8549,0
8550,0
8551,0
8552,0
8553,2
8554,2
8555,0
8556,2
8557,0
8558,2
8559,0
8560,0
8561,0
8562,0
8563,0
8564,0
8565,2
8566,0
8567,0
8568,0
8569,0
8570,0
8571,2
8572,2
8573,2
8574,0
8575,2
8576,2
8577,0
8578,0
8579,0
8580,0
8581,0
8582,0
8583,0
8584,2
8585,0
8586,0
8587,0
8588,2
8589,0
8590,2
8591,2
8592,2
8593,2
8594,0
8595,0
8596,0
8597,0
8598,0
8599,0
8600,0
8601,0
8602,0
8603,2
8604,0
8605,0
8606,0
8607,0
8608,2
8609,2
8610,0
8611,0
8612,0
8613,2
8614,2
8615,0
8616,0
8617,2
8618,0
8619,0
8620,0
8621,0
8622,2
8623,0
8624,2
8625,0
8626,0
8627,0
8628,0
8629,0
8630,2
8631,0
8632,2
8633,2
8634,2
8635,0
8636,0
8637,0
8638,0
8639,0
8640,2
8641,0
8642,1
8643,0
8644,2
8645,0
8646,0
8647,0
8648,0
8649,2
8650,0
8651,2
8652,0
8653,0
8654,0
8655,0
8656,0
8657,0
8658,0
8659,0
8660,2
8661,0
8662,2
8663,0
8664,0
8665,0
8666,0
8667,0
8668,1
8669,2
8670,0
8671,0
8672,0
8673,0
8674,2
8675,2
8676,0
8677,0
8678,2
8679,2
8680,2
8681,2
8682,0
8683,2
8684,0
8685,0
8686,0
8687,2
8688,0
8689,2
8690,0
8691,0
8692,0
8693,0
8694,0
8695,2
8696,0
8697,0
8698,2
8699,0
8700,0
8701,2
8702,0
8703,0
8704,0
8705,0
8706,0
8707,0
8708,0
8709,0
8710,0
8711,2
8712,0
8713,2
8714,0
8715,0
8716,0
8717,0
8718,0
8719,2
8720,0
8721,0
8722,0
8723,0
8724,2
8725,2
8726,0
8727,2
8728,0
8729,0
8730,0
8731,0
8732,2
8733,0
8734,0
8735,0
8736,0
8737,0
8738,0
8739,0
8740,0
8741,2
8742,2
8743,0
8744,0
8745,2
8746,0
8747,2
8748,0
8749,2
8750,0
8751,0
8752,0
8753,0
8754,0
8755,2
8756,0
8757,2
8758,0
8759,2
8760,0
8761,0
8762,0
8763,0
8764,0
8765,0
8766,0
8767,2
8768,2
8769,2
8770,2
8771,0
8772,0
8773,0
8774,0
8775,1
8776,0
8777,0
8778,0
8779,2
8780,0
8781,2
8782,2
8783,0
8784,0
8785,2
8786,2
8787,0
8788,2
8789,2
8790,0
8791,2
8792,2
8793,0
8794,2
8795,0
8796,0
8797,0
8798,0
8799,2
8800,0
8801,2
8802,0
8803,2
8804,0
8805,2
8806,0
8807,2
8808,2
8809,0
8810,0
8811,2
8812,0
8813,0
8814,0
8815,0
8816,0
8817,0
8818,0
8819,0
8820,0
8821,0
8822,0
8823,2
8824,0
8825,0
8826,0
8827,0
8828,0
8829,2
8830,0
8831,2
8832,2
8833,0
8834,0
8835,0
8836,2
8837,0
8838,2
8839,0
8840,0
8841,0
8842,0
8843,0
8844,2
8845,2
8846,2
8847,0
8848,2
8849,0
8850,2
8851,2
8852,0
8853,2
8854,0
8855,0
8856,0
8857,2
8858,0
8859,0
8860,0
8861,0
8862,2
8863,0
8864,0
8865,0
8866,1
8867,2
8868,2
8869,2
8870,0
8871,0
8872,2
8873,0
8874,0
8875,2
8876,0
8877,0
8878,0
8879,2
8880,0
8881,0
8882,0
8883,0
8884,0
8885,2
8886,2
8887,0
8888,0
8889,2
8890,0
8891,0
8892,2
8893,0
8894,2
8895,0
8896,0
8897,0
8898,0
8899,0
8900,0
8901,2
8902,0
8903,0
8904,2
8905,2
8906,0
8907,0
8908,0
8909,0
8910,0
8911,0
8912,0
8913,0
8914,0
8915,2
8916,0
8917,0
8918,0
8919,0
8920,0
8921,0
8922,2
8923,0
8924,0
8925,0
8926,0
8927,0
8928,0
8929,0
8930,0
8931,0
8932,0
8933,2
8934,0
8935,0
8936,2
8937,0
8938,2
8939,0
8940,0
8941,0
8942,2
8943,0
8944,0
8945,0
8946,0
8947,2
8948,0
8949,2
8950,0
8951,0
8952,0
8953,0
8954,0
8955,0
8956,0
8957,0
8958,2
8959,0
8960,0
8961,0
8962,2
8963,2
8964,0
8965,2
8966,0
8967,0
8968,0
8969,0
8970,0
8971,2
8972,2
8973,0
8974,2
8975,0
8976,0
8977,0
8978,0
8979,0
8980,2
8981,2
8982,0
8983,0
8984,0
8985,2
8986,2
8987,2
8988,0
8989,2
8990,2
8991,2
8992,2
8993,2
8994,0
8995,2
8996,2
8997,0
8998,0
8999,0
9000,0
9001,0
9002,0
9003,0
9004,0
9005,0
9006,0
9007,0
9008,0
9009,0
9010,0
9011,0
9012,0
9013,0
9014,0
9015,0
9016,0
9017,0
9018,0
9019,0
9020,2
9021,0
9022,0
9023,0
9024,0
9025,0
9026,2
9027,0
9028,0
9029,0
9030,0
9031,0
9032,0
9033,0
9034,0
9035,0
9036,0
9037,2
9038,2
9039,2
9040,2
9041,0
9042,2
9043,0
9044,2
9045,0
9046,0
9047,0
9048,0
9049,0
9050,0
9051,0
9052,0
9053,0
9054,0
9055,0
9056,0
9057,0
9058,2
9059,0
9060,0
9061,2
9062,0
9063,0
9064,2
9065,2
9066,2
9067,0
9068,0
9069,0
9070,0
9071,0
9072,2
9073,2
9074,0
9075,2
9076,2
9077,2
9078,0
9079,0
9080,2
9081,0
9082,0
9083,2
9084,0
9085,0
9086,0
9087,0
9088,0
9089,0
9090,0
9091,0
9092,2
9093,0
9094,0
9095,2
9096,0
9097,0
9098,2
9099,1
9100,2
9101,2
9102,2
9103,0
9104,0
9105,0
9106,0
9107,2
9108,0
9109,0
9110,2
9111,0
9112,0
9113,0
9114,2
9115,0
9116,0
9117,2
9118,0
9119,2
9120,0
9121,2
9122,0
9123,0
9124,2
9125,2
9126,2
9127,0
9128,0
9129,0
9130,0
9131,0
9132,2
9133,2
9134,0
9135,0
9136,0
9137,0
9138,0
9139,0
9140,0
9141,2
9142,0
9143,0
9144,0
9145,2
9146,0
9147,0
9148,0
9149,0
9150,0
9151,0
9152,2
9153,0
9154,0
9155,0
9156,0
9157,0
9158,0
9159,0
9160,0
9161,0
9162,2
9163,2
9164,2
9165,2
9166,0
9167,0
9168,2
9169,0
9170,0
9171,2
9172,0
9173,0
9174,0
9175,0
9176,0
9177,0
9178,2
9179,0
9180,2
9181,0
9182,2
9183,0
9184,0
9185,0
9186,2
9187,0
9188,0
9189,0
9190,0
9191,0
9192,0
9193,2
9194,0
9195,0
9196,0
9197,0
9198,2
9199,0
9200,0
9201,2
9202,2
9203,0
9204,0
9205,0
9206,2
9207,0
9208,2
9209,0
9210,2
9211,2
9212,0
9213,0
9214,2
9215,0
9216,0
9217,0
9218,2
9219,0
9220,0
9221,0
9222,0
9223,2
9224,0
9225,2
9226,0
9227,2
9228,2
9229,0
9230,2
9231,0
9232,2
9233,0
9234,0
9235,0
9236,0
9237,0
9238,2
9239,0
9240,2
9241,2
9242,0
9243,0
9244,2
9245,0
9246,2
9247,0
9248,0
9249,2
9250,0
9251,0
9252,0
9253,2
9254,0
9255,2
9256,0
9257,0
9258,0
9259,0
9260,0
9261,2
9262,0
9263,0
9264,2
9265,0
9266,0
9267,0
9268,0
9269,0
9270,0
9271,2
9272,0
9273,0
9274,0
9275,2
9276,0
9277,0
9278,2
9279,2
9280,0
9281,0
9282,0
9283,0
9284,0
9285,0
9286,0
9287,0
9288,0
9289,2
9290,0
9291,0
9292,0
9293,0
9294,0
9295,0
9296,0
9297,0
9298,2
9299,0
9300,0
9301,0
9302,0
9303,0
9304,0
9305,0
9306,2
9307,2
9308,0
9309,0
9310,0
9311,0
9312,0
9313,0
9314,2
9315,2
9316,2
9317,0
9318,2
9319,0
9320,0
9321,0
9322,0
9323,0
9324,2
9325,0
9326,2
9327,0
9328,0
9329,2
9330,0
9331,2
9332,0
9333,0
9334,0
9335,0
9336,2
9337,2
9338,0
9339,0
9340,2
9341,0
9342,0
9343,2
9344,0
9345,2
9346,0
9347,0
9348,2
9349,2
9350,0
9351,2
9352,0
9353,0
9354,0
9355,2
9356,0
9357,0
9358,2
9359,0
9360,0
9361,0
9362,0
9363,0
9364,0
9365,0
9366,2
9367,0
9368,2
9369,0
9370,0
9371,0
9372,0
9373,0
9374,0
9375,2
9376,2
9377,0
9378,0
9379,2
9380,2
9381,2
9382,2
9383,0
9384,0
9385,0
9386,2
9387,0
9388,0
9389,0
9390,0
9391,0
9392,0
9393,0
9394,0
9395,0
9396,2
9397,0
9398,0
9399,2
9400,0
9401,2
9402,0
9403,0
9404,0
9405,0
9406,0
9407,2
9408,0
9409,2
9410,2
9411,0
9412,2
9413,2
9414,2
9415,0
9416,0
9417,2
9418,2
9419,2
9420,0
9421,0
9422,0
9423,0
9424,2
9425,0
9426,0
9427,0
9428,1
9429,2
9430,0
9431,0
9432,0
9433,2
9434,0
9435,0
9436,0
9437,2
9438,0
9439,2
9440,2
9441,0
9442,0
9443,0
9444,2
9445,2
9446,0
9447,0
9448,2
9449,0
9450,2
9451,0
9452,0
9453,0
9454,0
9455,0
9456,0
9457,0
9458,0
9459,2
9460,0
9461,0
9462,0
9463,0
9464,0
9465,0
9466,0
9467,2
9468,2
9469,0
9470,2
9471,2
9472,0
9473,2
9474,2
9475,2
9476,0
9477,2
9478,0
9479,2
9480,0
9481,0
9482,0
9483,0
9484,0
9485,0
9486,0
9487,0
9488,0
9489,0
9490,0
9491,0
9492,0
9493,0
9494,0
9495,0
9496,0
9497,0
9498,0
9499,2
9500,0
9501,0
9502,0
9503,0
9504,0
9505,0
9506,2
9507,0
9508,2
9509,0
9510,2
9511,2
9512,0
9513,0
9514,1
9515,0
9516,0
9517,2
9518,0
9519,0
9520,0
9521,0
9522,0
9523,0
9524,2
9525,2
9526,0
9527,0
9528,2
9529,0
9530,0
9531,0
9532,0
9533,0
9534,2
9535,0
9536,0
9537,0
9538,0
9539,0
9540,0
9541,0
9542,0
9543,0
9544,0
9545,0
9546,0
9547,0
9548,0
9549,0
9550,0
9551,0
9552,2
9553,2
9554,0
9555,2
9556,2
9557,0
9558,0
9559,0
9560,0
9561,2
9562,0
9563,2
9564,2
9565,2
9566,2
9567,0
9568,0
9569,2
9570,2
9571,2
9572,0
9573,2
9574,0
9575,0
9576,0
9577,2
9578,2
9579,0
9580,0
9581,2
9582,0
9583,0
9584,2
9585,0
9586,0
9587,0
9588,0
9589,0
9590,0
9591,2
9592,2
9593,0
9594,0
9595,0
9596,0
9597,0
9598,0
9599,2
9600,0
9601,0
9602,0
9603,2
9604,2
9605,0
9606,0
9607,0
9608,2
9609,0
9610,2
9611,0
9612,0
9613,0
9614,2
9615,2
9616,0
9617,0
9618,2
9619,2
9620,0
9621,2
9622,0
9623,0
9624,0
9625,0
9626,0
9627,0
9628,0
9629,2
9630,0
9631,0
9632,0
9633,0
9634,0
9635,2
9636,2
9637,2
9638,0
9639,0
9640,0
9641,0
9642,2
9643,0
9644,0
9645,0
9646,0
9647,0
9648,0
9649,0
9650,0
9651,0
9652,0
9653,0
9654,0
9655,0
9656,2
9657,0
9658,0
9659,2
9660,0
9661,0
9662,0
9663,2
9664,2
9665,2
9666,2
9667,2
9668,2
9669,0
9670,0
9671,0
9672,0
9673,0
9674,0
9675,2
9676,0
9677,0
9678,0
9679,2
9680,0
9681,0
9682,0
9683,2
9684,2
9685,2
9686,2
9687,0
9688,2
9689,0
9690,2
9691,0
9692,0
9693,0
9694,0
9695,0
9696,0
9697,0
9698,0
9699,0
9700,0
9701,0
9702,0
9703,0
9704,0
9705,2
9706,2
9707,2
9708,2
9709,0
9710,0
9711,0
9712,0
9713,0
9714,0
9715,2
9716,0
9717,0
9718,0
9719,0
9720,0
9721,2
9722,0
9723,0
9724,0
9725,0
9726,2
9727,0
9728,0
9729,0
9730,0
9731,2
9732,2
9733,2
9734,0
9735,2
9736,0
9737,0
9738,0
9739,0
9740,2
9741,0
9742,2
9743,2
9744,2
9745,2
9746,0
9747,1
9748,0
9749,0
9750,2
9751,0
9752,0
9753,2
9754,0
9755,0
9756,0
9757,0
9758,0
9759,0
9760,0
9761,2
9762,0
9763,0
9764,0
9765,0
9766,0
9767,0
9768,0
9769,0
9770,0
9771,0
9772,2
9773,0
9774,2
9775,2
9776,0
9777,2
9778,2
9779,0
9780,2
9781,0
9782,0
9783,2
9784,0
9785,0
9786,2
9787,2
9788,0
9789,0
9790,0
9791,2
9792,2
9793,2
9794,0
9795,0
9796,0
9797,0
9798,0
9799,2
9800,2
9801,2
9802,0
9803,0
9804,0
9805,0
9806,0
9807,0
9808,0
9809,2
9810,2
9811,0
9812,0
9813,2
9814,0
9815,0
9816,2
9817,0
9818,0
9819,0
9820,0
9821,0
9822,0
9823,0
9824,0
9825,2
9826,0
9827,2
9828,2
9829,2
9830,0
9831,0
9832,2
9833,0
9834,0
9835,2
9836,0
9837,2
9838,0
9839,2
9840,0
9841,2
9842,0
9843,0
9844,0
9845,0
9846,2
9847,0
9848,2
9849,2
9850,2
9851,0
9852,0
9853,0
9854,2
9855,2
9856,2
9857,0
9858,0
9859,0
9860,0
9861,2
9862,0
9863,2
9864,0
9865,2
9866,0
9867,0
9868,0
9869,0
9870,0
9871,0
9872,0
9873,0
9874,0
9875,0
9876,0
9877,0
9878,0
9879,0
9880,0
9881,2
9882,0
9883,0
9884,0
9885,2
9886,0
9887,0
9888,0
9889,0
9890,0
9891,2
9892,2
9893,2
9894,0
9895,2
9896,0
9897,0
9898,0
9899,2
9900,0
9901,0
9902,0
9903,0
9904,2
9905,0
9906,0
9907,2
9908,0
9909,0
9910,0
9911,0
9912,0
9913,0
9914,0
9915,2
9916,0
9917,0
9918,2
9919,0
9920,0
9921,0
9922,2
9923,0
9924,0
9925,0
9926,0
9927,0
9928,0
9929,0
9930,0
9931,0
9932,0
9933,2
9934,2
9935,2
9936,0
9937,2
9938,2
9939,2
9940,0
9941,0
9942,0
9943,2
9944,0
9945,2
9946,0
9947,0
9948,2
9949,2
9950,0
9951,0
9952,0
9953,0
9954,0
9955,2
9956,0
9957,0
9958,0
9959,2
9960,0
9961,0
9962,0
9963,0
9964,0
9965,0
9966,0
9967,2
9968,0
9969,0
9970,0
9971,0
9972,2
9973,0
9974,0
9975,0
9976,0
9977,0
9978,0
9979,0
9980,0
9981,0
9982,0
9983,0
9984,2
9985,0
9986,0
9987,0
9988,0
9989,2
9990,2
9991,0
9992,0
9993,2
9994,2
9995,0
9996,2
9997,0
9998,0
9999,0
10000,0
10001,2
10002,0
10003,0
10004,0
10005,0
10006,0
10007,0
10008,0
10009,0
10010,0
10011,0
10012,0
10013,0
10014,2
10015,0
10016,0
10017,2
10018,2
10019,0
10020,0
10021,2
10022,2
10023,2
10024,0
10025,0
10026,0
10027,2
10028,0
10029,0
10030,2
10031,2
10032,0
10033,0
10034,0
10035,2
10036,2
10037,0
10038,0
10039,0
10040,2
10041,2
10042,0
10043,2
10044,0
10045,0
10046,2
10047,0
10048,0
10049,0
10050,0
10051,0
10052,0
10053,0
10054,2
10055,2
10056,0
10057,0
10058,0
10059,0
10060,0
10061,0
10062,0
10063,0
10064,2
10065,0
10066,2
10067,0
10068,0
10069,0
10070,2
10071,0
10072,2
10073,0
10074,2
10075,0
10076,0
10077,2
10078,2
10079,2
10080,0
10081,0
10082,2
10083,2
10084,0
10085,2
10086,0
10087,0
10088,0
10089,0
10090,0
10091,0
10092,0
10093,0
10094,0
10095,0
10096,0
10097,0
10098,0
10099,2
10100,0
10101,2
10102,0
10103,2
10104,0
10105,0
10106,0
10107,0
10108,0
10109,0
10110,0
10111,2
10112,0
10113,0
10114,0
10115,2
10116,0
10117,0
10118,0
10119,0
10120,0
10121,2
10122,0
10123,2
10124,0
10125,2
10126,0
10127,2
10128,2
10129,0
10130,2
10131,0
10132,0
10133,2
10134,0
10135,0
10136,0
10137,0
10138,2
10139,0
10140,0
10141,0
10142,2
10143,0
10144,0
10145,2
10146,2
10147,0
10148,0
10149,0
10150,0
10151,0
10152,1
10153,0
10154,0
10155,0
10156,0
10157,0
10158,2
10159,0
10160,0
10161,2
10162,0
10163,0
10164,2
10165,0
10166,2
10167,0
10168,0
10169,0
10170,0
10171,0
10172,0
10173,0
10174,0
10175,2
10176,0
10177,0
10178,0
10179,0
10180,0
10181,0
10182,0
10183,0
10184,0
10185,0
10186,0
10187,0
10188,2
10189,2
10190,0
10191,0
10192,0
10193,0
10194,2
10195,0
10196,2
10197,2
10198,0
10199,0
10200,0
10201,0
10202,0
10203,2
10204,0
10205,0
10206,2
10207,2
10208,0
10209,2
10210,0
10211,2
10212,2
10213,0
10214,2
10215,2
10216,0
10217,0
10218,2
10219,2
10220,0
10221,0
10222,0
10223,2
10224,2
10225,0
10226,0
10227,0
10228,0
10229,2
10230,0
10231,1
10232,0
10233,0
10234,0
10235,0
10236,0
10237,2
10238,2
10239,2
10240,0
10241,0
10242,0
10243,0
10244,0
10245,0
10246,2
10247,0
10248,0
10249,2
10250,0
10251,2
10252,0
10253,0
10254,2
10255,0
10256,0
10257,0
10258,0
10259,0
10260,1
10261,0
10262,0
10263,2
10264,0
10265,0
10266,2
10267,0
10268,0
10269,0
10270,0
10271,2
10272,0
10273,0
10274,0
10275,0
10276,0
10277,0
10278,2
10279,2
10280,0
10281,2
10282,0
10283,0
10284,0
10285,0
10286,0
10287,2
10288,0
10289,0
10290,2
10291,0
10292,2
10293,0
10294,2
10295,0
10296,0
10297,0
10298,0
10299,0
10300,2
10301,2
10302,0
10303,0
10304,0
10305,2
10306,0
10307,2
10308,0
10309,0
10310,0
10311,0
10312,2
10313,2
10314,0
10315,2
10316,0
10317,0
10318,0
10319,0
10320,0
10321,0
10322,0
10323,0
10324,0
10325,2
10326,0
10327,0
10328,2
10329,0
10330,0
10331,2
10332,0
10333,0
10334,0
10335,2
10336,0
10337,0
10338,2
10339,0
10340,2
10341,0
10342,0
10343,2
10344,0
10345,0
10346,2
10347,0
10348,0
10349,0
10350,0
10351,0
10352,0
10353,0
10354,0
10355,2
10356,0
10357,0
10358,0
10359,0
10360,0
10361,0
10362,0
10363,0
10364,0
10365,0
10366,0
10367,0
10368,0
10369,0
10370,2
10371,2
10372,0
10373,0
10374,2
10375,0
10376,0
10377,0
10378,0
10379,0
10380,0
10381,2
10382,2
10383,0
10384,0
10385,2
10386,0
10387,0
10388,0
10389,0
10390,0
10391,0
10392,2
10393,2
10394,2
10395,2
10396,0
10397,0
10398,0
10399,2
10400,0
10401,2
10402,2
10403,0
10404,0
10405,0
10406,0
10407,0
10408,0
10409,0
10410,2
10411,0
10412,2
10413,0
10414,0
10415,0
10416,2
10417,0
10418,0
10419,0
10420,0
10421,0
10422,0
10423,0
10424,0
10425,2
10426,0
10427,0
10428,0
10429,2
10430,0
10431,2
10432,0
10433,2
10434,2
10435,0
10436,2
10437,0
10438,2
10439,2
10440,0
10441,0
10442,0
10443,0
10444,2
10445,2
10446,0
10447,0
10448,0
10449,2
10450,0
10451,2
10452,0
10453,0
10454,0
10455,2
10456,2
10457,0
10458,2
10459,2
10460,0
10461,2
10462,0
10463,0
10464,2
10465,2
10466,0
10467,2
10468,0
10469,0
10470,0
10471,2
10472,2
10473,2
10474,0
10475,0
10476,0
10477,0
10478,0
10479,0
10480,0
10481,0
10482,2
10483,0
10484,0
10485,0
10486,0
10487,0
10488,2
10489,0
10490,2
10491,0
10492,2
10493,0
10494,2
10495,2
10496,0
10497,0
10498,0
10499,0
10500,0
10501,0
10502,0
10503,2
10504,2
10505,2
10506,2
10507,0
10508,0
10509,0
10510,0
10511,2
10512,0
10513,0
10514,0
10515,2
10516,0
10517,0
10518,0
10519,2
10520,0
10521,2
10522,2
10523,2
10524,2
10525,0
10526,0
10527,0
10528,2
10529,0
10530,2
10531,0
10532,0
10533,0
10534,0
10535,0
10536,0
10537,0
10538,2
10539,0
10540,0
10541,0
10542,0
10543,2
10544,0
10545,0
10546,0
10547,0
10548,0
10549,0
10550,0
10551,2
10552,2
10553,0
10554,2
10555,2
10556,0
10557,2
10558,0
10559,0
10560,0
10561,0
10562,0
10563,0
10564,2
10565,0
10566,2
10567,0
10568,0
10569,2
10570,0
10571,2
10572,0
10573,0
10574,0
10575,0
10576,2
10577,2
10578,0
10579,0
10580,0
10581,0
10582,0
10583,0
10584,0
10585,0
10586,0
10587,0
10588,0
10589,0
10590,0
10591,0
10592,0
10593,2
10594,0
10595,0
10596,2
10597,0
10598,0
10599,2
10600,0
10601,0
10602,2
10603,2
10604,2
10605,2
10606,2
10607,0
10608,0
10609,0
10610,2
10611,0
10612,0
10613,2
10614,0
10615,2
10616,0
10617,0
10618,0
10619,2
10620,0
10621,0
10622,0
10623,0
10624,2
10625,0
10626,2
10627,0
10628,0
10629,0
10630,0
10631,0
10632,2
10633,0
10634,0
10635,2
10636,0
10637,0
10638,2
10639,0
10640,0
10641,0
10642,0
10643,2
10644,0
10645,0
10646,2
10647,0
10648,0
10649,0
10650,0
10651,2
10652,2
10653,2
10654,2
10655,0
10656,2
10657,0
10658,0
10659,0
10660,0
10661,2
10662,0
10663,2
10664,2
10665,1
10666,0
10667,0
10668,0
10669,0
10670,0
10671,2
10672,2
10673,0
10674,0
10675,0
10676,0
10677,2
10678,0
10679,0
10680,0
10681,2
10682,2
10683,2
10684,0
10685,2
10686,2
10687,0
10688,0
10689,0
10690,0
10691,0
10692,0
10693,0
10694,0
10695,0
10696,0
10697,0
10698,0
10699,0
10700,0
10701,2
10702,2
10703,0
10704,0
10705,2
10706,0
10707,0
10708,0
10709,0
10710,2
10711,0
10712,2
10713,0
10714,0
10715,0
10716,0
10717,0
10718,0
10719,0
10720,0
10721,2
10722,0
10723,0
10724,2
10725,0
10726,0
10727,2
10728,2
10729,0
10730,0
10731,0
10732,2
10733,0
10734,0
10735,0
10736,2
10737,0
10738,0
10739,0
10740,0
10741,0
10742,2
10743,0
10744,0
10745,0
10746,0
10747,0
10748,0
10749,2
10750,0
10751,2
10752,2
10753,2
10754,2
10755,0
10756,0
10757,0
10758,0
10759,0
10760,0
10761,0
10762,0
10763,0
10764,2
10765,0
10766,0
10767,0
10768,2
10769,0
10770,2
10771,2
10772,0
10773,2
10774,0
10775,0
10776,0
10777,0
10778,0
10779,0
10780,0
10781,0
10782,0
10783,0
10784,2
10785,0
10786,2
10787,0
10788,0
10789,0
10790,2
10791,2
10792,0
10793,0
10794,0
10795,0
10796,2
10797,0
10798,0
10799,0
10800,2
10801,0
10802,0
10803,2
10804,0
10805,2
10806,0
10807,0
10808,2
10809,0
10810,0
10811,0
10812,0
10813,0
10814,0
10815,2
10816,0
10817,0
10818,0
10819,0
10820,0
10821,2
10822,2
10823,2
10824,2
10825,0
10826,0
10827,0
10828,0
10829,2
10830,0
10831,2
10832,0
10833,0
10834,0
10835,0
10836,0
10837,2
10838,2
10839,2
10840,0
10841,2
10842,0
10843,2
10844,0
10845,0
10846,0
10847,0
10848,0
10849,0
10850,2
10851,0
10852,0
10853,0
10854,0
10855,2
10856,0
10857,2
10858,2
10859,0
10860,0
10861,0
10862,0
10863,0
10864,0
10865,0
10866,0
10867,0
10868,2
10869,2
10870,2
10871,2
10872,2
10873,0
10874,0
10875,0
10876,2
10877,2
10878,2
10879,2
10880,2
10881,0
10882,2
10883,2
10884,0
10885,0
10886,0
10887,0
10888,2
10889,0
10890,2
10891,0
10892,2
10893,0
10894,0
10895,0
10896,0
10897,0
10898,0
10899,0
10900,2
10901,0
10902,0
10903,2
10904,0
10905,0
10906,2
10907,0
10908,2
10909,0
10910,0
10911,0
10912,0
10913,0
10914,0
10915,0
10916,2
10917,0
10918,0
10919,0
10920,0
10921,0
10922,0
10923,2
10924,0
10925,0
10926,0
10927,2
10928,0
10929,0
10930,2
10931,0
10932,2
10933,0
10934,2
10935,0
10936,0
10937,0
10938,0
10939,0
10940,2
10941,0
10942,0
10943,0
10944,0
10945,0
10946,0
10947,2
10948,0
10949,0
10950,0
10951,2
10952,2
10953,0
10954,0
10955,0
10956,0
10957,0
10958,0
10959,0
10960,0
10961,0
10962,0
10963,0
10964,0
10965,0
10966,0
10967,0
10968,2
10969,0
10970,2
10971,2
10972,2
10973,2
10974,0
10975,2
10976,2
10977,0
10978,0
10979,0
10980,0
10981,0
10982,0
10983,2
10984,0
10985,2
10986,0
10987,2
10988,0
10989,0
10990,2
10991,0
10992,2
10993,0
10994,0
10995,0
10996,2
10997,0
10998,0
10999,0
11000,0
11001,0
11002,2
11003,0
11004,0
11005,2
11006,0
11007,0
11008,0
11009,0
11010,0
11011,0
11012,0
11013,0
11014,0
11015,0
11016,0
11017,0
11018,0
11019,0
11020,0
11021,2
11022,0
11023,2
11024,0
11025,0
11026,0
11027,0
11028,0
11029,2
11030,0
11031,2
11032,0
11033,0
11034,0
11035,0
11036,2
11037,2
11038,2
11039,2
11040,2
11041,2
11042,2
11043,0
11044,0
11045,0
11046,0
11047,0
11048,2
11049,0
11050,0
11051,0
11052,0
11053,2
11054,2
11055,2
11056,0
11057,0
11058,0
11059,0
11060,0
11061,0
11062,2
11063,2
11064,0
11065,0
11066,0
11067,0
11068,0
11069,2
11070,0
11071,0
11072,2
11073,0
11074,0
11075,0
11076,2
11077,0
11078,0
11079,0
11080,2
11081,2
11082,0
11083,0
11084,2
11085,2
11086,0
11087,2
11088,0
11089,0
11090,0
11091,0
11092,0
11093,0
11094,0
11095,0
11096,0
11097,0
11098,0
11099,0
11100,2
11101,0
11102,2
11103,0
11104,2
11105,0
11106,0
11107,0
11108,2
11109,0
11110,0
11111,0
11112,2
11113,0
11114,0
11115,0
11116,0
11117,0
11118,2
11119,0
11120,0
11121,2
11122,0
11123,0
11124,2
11125,0
11126,0
11127,0
11128,0
11129,0
11130,2
11131,0
11132,0
11133,2
11134,0
11135,2
11136,0
11137,0
11138,2
11139,0
11140,0
11141,0
11142,2
11143,2
11144,2
11145,0
11146,2
11147,0
11148,2
11149,0
11150,2
11151,0
11152,0
11153,2
11154,2
11155,0
11156,0
11157,0
11158,2
11159,0
11160,2
11161,0
11162,2
11163,0
11164,2
11165,0
11166,2
11167,0
11168,0
11169,0
11170,2
11171,0
11172,2
11173,2
11174,2
11175,0
11176,0
11177,0
11178,2
11179,0
11180,0
11181,0
11182,2
11183,0
11184,0
11185,2
11186,0
11187,2
11188,0
11189,0
11190,0
11191,2
11192,1
11193,2
11194,0
11195,0
11196,0
11197,0
11198,0
11199,2
11200,2
11201,2
11202,2
11203,0
11204,0
11205,2
11206,0
11207,2
11208,2
11209,0
11210,0
11211,2
11212,2
11213,2
11214,0
11215,0
11216,0
11217,0
11218,0
11219,0
11220,0
11221,2
11222,0
11223,2
11224,0
11225,0
11226,0
11227,2
11228,0
11229,0
11230,2
11231,1
11232,0
11233,0
11234,0
11235,2
11236,2
11237,0
11238,0
11239,0
11240,0
11241,2
11242,0
11243,0
11244,0
11245,0
11246,0
11247,0
11248,0
11249,0
11250,0
11251,2
11252,2
11253,0
11254,0
11255,2
11256,0
11257,0
11258,2
11259,2
11260,0
11261,0
11262,2
11263,0
11264,0
11265,0
11266,0
11267,2
11268,0
11269,0
11270,2
11271,1
11272,0
11273,0
11274,0
11275,2
11276,0
11277,2
11278,0
11279,2
11280,2
11281,2
11282,0
11283,0
11284,0
11285,0
11286,0
11287,0
11288,0
11289,0
11290,0
11291,2
11292,0
11293,0
11294,2
11295,0
11296,2
11297,0
11298,2
11299,2
11300,0
11301,2
11302,0
11303,0
11304,0
11305,2
11306,2
11307,2
11308,0
11309,2
11310,0
11311,0
11312,0
11313,2
11314,0
11315,0
11316,0
11317,0
11318,2
11319,0
11320,0
11321,0
11322,2
11323,2
11324,2
11325,2
11326,0
11327,0
11328,0
11329,0
11330,0
11331,0
11332,2
11333,2
11334,2
11335,2
11336,0
11337,0
11338,0
11339,2
11340,2
11341,0
11342,0
11343,2
11344,0
11345,2
11346,0
11347,0
11348,0
11349,2
11350,0
11351,0
11352,0
11353,2
11354,0
11355,2
11356,0
11357,0
11358,0
11359,0
11360,0
11361,0
11362,0
11363,0
11364,0
11365,0
11366,0
11367,2
11368,0
11369,0
11370,2
11371,0
11372,0
11373,2
11374,0
11375,0
11376,0
11377,0
11378,0
11379,2
11380,0
11381,2
11382,0
11383,0
11384,0
11385,0
11386,0
11387,0
11388,2
11389,0
11390,2
11391,0
11392,0
11393,2
11394,0
11395,0
11396,0
11397,0
11398,0
11399,0
11400,0
11401,0
11402,0
11403,2
11404,0
11405,2
11406,0
11407,2
11408,0
11409,0
11410,0
11411,0
11412,0
11413,0
11414,2
11415,0
11416,2
11417,2
11418,2
11419,0
11420,0
11421,2
11422,0
11423,0
11424,0
11425,2
11426,0
11427,0
11428,0
11429,0
11430,2
11431,2
11432,2
11433,0
11434,2
11435,0
11436,0
11437,0
11438,2
11439,0
11440,0
11441,0
11442,0
11443,0
11444,0
11445,2
11446,0
11447,2
11448,0
11449,0
11450,2
11451,0
11452,0
11453,0
11454,2
11455,0
11456,0
11457,0
11458,0
11459,2
11460,2
11461,0
11462,0
11463,0
11464,0
11465,0
11466,0
11467,0
11468,0
11469,0
11470,2
11471,0
11472,0
11473,0
11474,2
11475,2
11476,2
11477,0
11478,0
11479,0
11480,0
11481,2
11482,2
11483,0
11484,0
11485,0
11486,2
11487,2
11488,2
11489,0
11490,0
11491,0
11492,2
11493,2
11494,0
11495,2
11496,0
11497,2
11498,0
11499,0
11500,0
11501,0
11502,0
11503,0
11504,2
11505,0
11506,0
11507,0
11508,2
11509,0
11510,2
11511,2
11512,0
11513,0
11514,2
11515,0
11516,0
11517,2
11518,2
11519,0
11520,0
11521,0
11522,0
11523,0
11524,0
11525,0
11526,0
11527,0
11528,0
11529,2
11530,2
11531,2
11532,0
11533,2
11534,0
11535,2
11536,0
11537,0
11538,0
11539,0
11540,0
11541,0
11542,2
11543,0
11544,2
11545,2
11546,0
11547,0
11548,2
11549,0
11550,0
11551,0
11552,2
11553,0
11554,0
11555,0
11556,2
11557,0
11558,0
11559,0
11560,0
11561,2
11562,2
11563,2
11564,0
11565,2
11566,0
11567,0
11568,2
11569,0
11570,0
11571,0
11572,2
11573,0
11574,0
11575,0
11576,0
11577,2
11578,0
11579,2
11580,0
11581,0
11582,0
11583,0
11584,2
11585,0
11586,2
11587,2
11588,0
11589,0
11590,0
11591,2
11592,0
11593,0
11594,0
11595,0
11596,0
11597,2
11598,0
11599,2
11600,0
11601,0
11602,0
11603,0
11604,0
11605,2
11606,0
11607,0
11608,2
11609,0
11610,2
11611,0
11612,0
11613,0
11614,1
11615,0
11616,0
11617,2
11618,2
11619,0
11620,0
11621,0
11622,0
11623,0
11624,2
11625,0
11626,0
11627,0
11628,2
11629,0
11630,0
11631,0
11632,2
11633,0
11634,0
11635,0
11636,0
11637,2
11638,2
11639,0
11640,0
11641,0
11642,0
11643,0
11644,2
11645,0
11646,0
11647,0
11648,0
11649,0
11650,0
11651,2
11652,0
11653,2
11654,0
11655,0
11656,0
11657,0
11658,0
11659,2
11660,0
11661,0
11662,0
11663,2
11664,0
11665,0
11666,2
11667,0
11668,0
11669,2
11670,2
11671,0
11672,0
11673,0
11674,0
11675,0
11676,0
11677,0
11678,0
11679,0
11680,0
11681,2
11682,0
11683,2
11684,0
11685,0
11686,2
11687,2
11688,2
11689,0
11690,0
11691,2
11692,0
11693,0
11694,2
11695,2
11696,0
11697,2
11698,2
11699,0
11700,2
11701,0
11702,0
11703,0
11704,0
11705,0
11706,0
11707,2
11708,2
11709,0
11710,2
11711,0
11712,0
11713,0
11714,0
11715,0
11716,2
11717,0
11718,2
11719,2
11720,2
11721,2
11722,0
11723,2
11724,0
11725,0
11726,0
11727,0
11728,0
11729,0
11730,0
11731,2
11732,0
11733,0
11734,0
11735,2
11736,2
11737,2
11738,2
11739,0
11740,2
11741,0
11742,0
11743,0
11744,0
11745,0
11746,0
11747,2
11748,2
11749,0
11750,2
11751,2
11752,0
11753,0
11754,2
11755,2
11756,0
11757,2
11758,2
11759,2
11760,0
11761,0
11762,0
11763,0
11764,0
11765,0
11766,2
11767,0
11768,0
11769,2
11770,2
11771,1
11772,0
11773,0
11774,2
11775,2
11776,2
11777,2
11778,0
11779,2
11780,2
11781,0
11782,2
11783,0
11784,0
11785,0
11786,2
11787,0
11788,0
11789,0
11790,2
11791,0
11792,2
11793,0
11794,0
11795,0
11796,0
11797,2
11798,0
11799,0
11800,0
11801,0
11802,0
11803,0
11804,0
11805,0
11806,0
11807,2
11808,0
11809,2
11810,2
11811,0
11812,0
11813,0
11814,0
11815,0
11816,0
11817,2
11818,0
11819,0
11820,0
11821,0
11822,2
11823,2
11824,0
11825,2
11826,0
11827,2
11828,0
11829,2
11830,0
11831,0
11832,0
11833,0
11834,0
11835,0
11836,0
11837,0
11838,2
11839,2
11840,2
11841,0
11842,0
11843,0
11844,2
11845,0
11846,2
11847,0
11848,0
11849,2
11850,0
11851,2
11852,2
11853,0
11854,0
11855,0
11856,2
11857,0
11858,0
11859,0
11860,0
11861,0
11862,2
11863,0
11864,0
11865,0
11866,2
11867,0
11868,0
11869,0
11870,0
11871,0
11872,2
11873,2
11874,0
11875,2
11876,0
11877,2
11878,0
11879,0
11880,0
11881,0
11882,0
11883,0
11884,0
11885,2
11886,0
11887,0
11888,0
11889,2
11890,0
11891,0
11892,0
11893,0
11894,0
11895,0
11896,0
11897,0
11898,2
11899,2
11900,0
11901,0
11902,2
11903,0
11904,2
11905,0
11906,0
11907,0
11908,0
11909,0
11910,0
11911,0
11912,2
11913,0
11914,2
11915,0
11916,2
11917,2
11918,0
11919,0
11920,2
11921,0
11922,0
11923,2
11924,2
11925,0
11926,0
11927,0
11928,0
11929,0
11930,0
11931,0
11932,0
11933,0
11934,0
11935,0
11936,2
11937,0
11938,2
11939,0
11940,0
11941,2
11942,2
11943,2
11944,0
11945,0
11946,0
11947,0
11948,0
11949,2
11950,0
11951,0
11952,2
11953,0
11954,0
11955,2
11956,0
11957,2
11958,2
11959,0
11960,2
11961,0
11962,0
11963,0
11964,0
11965,0
11966,0
11967,0
11968,2
11969,0
11970,0
11971,0
11972,0
11973,2
11974,2
11975,2
11976,0
11977,0
11978,2
11979,2
11980,0
11981,0
11982,0
11983,0
11984,1
11985,2
11986,0
11987,0
11988,0
11989,0
11990,2
11991,0
11992,2
11993,2
11994,0
11995,0
11996,2
11997,0
11998,0
11999,0
12000,0
12001,0
12002,0
12003,0
12004,0
12005,2
12006,0
12007,0
12008,2
12009,0
12010,2
12011,2
12012,2
12013,0
12014,0
12015,0
12016,0
12017,0
12018,2
12019,0
12020,0
12021,2
12022,0
12023,0
12024,0
12025,0
12026,2
12027,0
12028,0
12029,2
12030,0
12031,0
12032,0
12033,0
12034,2
12035,2
12036,0
12037,2
12038,0
12039,0
12040,0
12041,2
12042,0
12043,0
12044,0
12045,2
12046,2
12047,0
12048,0
12049,0
12050,0
12051,0
12052,0
12053,0
12054,0
12055,0
12056,0
12057,0
12058,0
12059,0
12060,0
12061,0
12062,2
12063,0
12064,0
12065,0
12066,0
12067,0
12068,0
12069,0
12070,0
12071,0
12072,0
12073,0
12074,2
12075,0
12076,0
12077,0
12078,0
12079,0
12080,0
12081,0
12082,0
12083,2
12084,0
12085,0
12086,2
12087,2
12088,0
12089,0
12090,0
12091,2
12092,2
12093,0
12094,0
12095,0
12096,0
12097,0
12098,0
12099,0
12100,2
12101,2
12102,0
12103,0
12104,0
12105,0
12106,0
12107,0
12108,0
12109,0
12110,2
12111,0
12112,2
12113,2
12114,0
12115,2
12116,2
12117,2
12118,0
12119,0
12120,2
12121,0
12122,0
12123,0
12124,0
12125,0
12126,2
12127,0
12128,0
12129,0
12130,0
12131,0
12132,0
12133,2
12134,2
12135,0
12136,0
12137,2
12138,0
12139,2
12140,0
12141,2
12142,0
12143,0
12144,0
12145,0
12146,2
12147,0
12148,2
12149,0
12150,0
12151,0
12152,0
12153,0
12154,2
12155,0
12156,0
12157,0
12158,0
12159,0
12160,0
12161,2
12162,0
12163,2
12164,0
12165,0
12166,2
12167,0
12168,2
12169,0
12170,0
12171,0
12172,0
12173,0
12174,2
12175,0
12176,2
12177,2
12178,0
12179,0
12180,0
12181,0
12182,0
12183,2
12184,2
12185,0
12186,2
12187,0
12188,0
12189,0
12190,0
12191,2
12192,0
12193,0
12194,0
12195,2
12196,0
12197,0
12198,2
12199,2
12200,0
12201,2
12202,0
12203,0
12204,0
12205,0
12206,0
12207,0
12208,0
12209,0
12210,0
12211,0
12212,0
12213,0
12214,0
12215,2
12216,2
12217,0
12218,0
12219,0
12220,0
12221,0
12222,0
12223,0
12224,0
12225,2
12226,0
12227,2
12228,0
12229,0
12230,0
12231,2
12232,0
12233,0
12234,0
12235,0
12236,2
12237,0
12238,2
12239,0
12240,0
12241,2
12242,2
12243,0
12244,2
12245,0
12246,0
12247,0
12248,0
12249,0
12250,2
12251,0
12252,2
12253,0
12254,0
12255,0
12256,2
12257,0
12258,2
12259,0
12260,0
12261,2
12262,2
12263,2
12264,0
12265,0
12266,2
12267,0
12268,2
12269,0
12270,2
12271,0
12272,0
12273,0
12274,0
12275,0
12276,0
12277,2
12278,2
12279,0
12280,2
12281,2
12282,2
12283,0
12284,0
12285,2
12286,0
12287,0
12288,0
12289,2
12290,2
12291,0
12292,0
12293,2
12294,0
12295,2
12296,0
12297,0
12298,0
12299,0
12300,2
12301,2
12302,2
12303,2
12304,2
12305,0
12306,0
12307,0
12308,0
12309,0
12310,0
12311,2
12312,0
12313,2
12314,0
12315,0
12316,2
12317,0
12318,0
12319,0
12320,2
12321,0
12322,2
12323,2
12324,0
12325,0
12326,0
12327,2
12328,0
12329,2
12330,2
12331,0
12332,0
12333,0
12334,0
12335,0
12336,0
12337,0
12338,0
12339,2
12340,2
12341,2
12342,0
12343,0
12344,0
12345,0
12346,2
12347,2
12348,0
12349,0
12350,2
12351,0
12352,0
12353,0
12354,0
12355,0
12356,2
12357,0
12358,2
12359,0
12360,2
12361,2
12362,0
12363,0
12364,0
12365,0
12366,0
12367,2
12368,0
12369,2
12370,0
12371,2
12372,0
12373,2
12374,0
12375,0
12376,0
12377,2
12378,0
12379,2
12380,2
12381,0
12382,2
12383,0
12384,2
12385,0
12386,2
12387,0
12388,0
12389,0
12390,0
12391,2
12392,0
12393,0
12394,0
12395,0
12396,0
12397,0
12398,2
12399,2
12400,0
12401,0
12402,0
12403,0
12404,0
12405,0
12406,0
12407,0
12408,2
12409,0
12410,0
12411,0
12412,0
12413,0
12414,0
12415,0
12416,0
12417,2
12418,2
12419,2
12420,0
12421,2
12422,2
12423,0
12424,0
12425,0
12426,2
12427,0
12428,0
12429,0
12430,0
12431,2
12432,0
12433,0
12434,0
12435,2
12436,0
12437,2
12438,0
12439,0
12440,0
12441,0
12442,0
12443,0
12444,2
12445,0
12446,2
12447,0
12448,0
12449,2
12450,0
12451,0
12452,0
12453,2
12454,0
12455,0
12456,2
12457,0
12458,0
12459,0
12460,0
12461,0
12462,0
12463,0
12464,2
12465,0
12466,0
12467,0
12468,0
12469,0
12470,0
12471,0
12472,0
12473,0
12474,0
12475,0
12476,0
12477,0
12478,2
12479,2
12480,0
12481,0
12482,0
12483,0
12484,0
12485,2
12486,0
12487,0
12488,0
12489,0
12490,0
12491,0
12492,0
12493,0
12494,0
12495,2
12496,2
12497,2
12498,0
12499,0
12500,2
12501,2
12502,0
12503,0
12504,0
12505,0
12506,2
12507,2
12508,0
12509,0
12510,0
12511,0
12512,0
12513,0
12514,0
12515,2
12516,0
12517,0
12518,0
12519,0
12520,2
12521,0
12522,0
12523,0
12524,0
12525,0
12526,0
12527,2
12528,0
12529,0
12530,0
12531,0
12532,2
12533,0
12534,0
12535,0
12536,0
12537,2
12538,0
12539,0
12540,2
12541,0
12542,2
12543,0
12544,2
12545,0
12546,0
12547,0
12548,2
12549,0
12550,2
12551,0
12552,0
12553,0
12554,2
12555,0
12556,0
12557,2
12558,2
12559,0
12560,0
12561,2
12562,2
12563,0
12564,0
12565,0
12566,0
12567,0
12568,0
12569,2
12570,0
12571,0
12572,0
12573,0
12574,0
12575,0
12576,2
12577,0
12578,0
12579,2
12580,2
12581,2
12582,0
12583,2
12584,2
12585,0
12586,0
12587,2
12588,0
12589,0
12590,2
12591,0
12592,0
12593,2
12594,0
12595,0
12596,0
12597,0
12598,2
12599,0
12600,2
12601,0
12602,0
12603,0
12604,2
12605,0
12606,0
12607,0
12608,0
12609,2
12610,0
12611,2
12612,0
12613,0
12614,2
12615,2
12616,0
12617,0
12618,2
12619,0
12620,0
12621,0
12622,0
12623,2
12624,0
12625,0
12626,0
12627,2
12628,2
12629,0
12630,0
12631,2
12632,2
12633,0
12634,0
12635,2
12636,0
12637,0
12638,0
12639,0
12640,0
12641,0
12642,2
12643,0
12644,0
12645,2
12646,0
12647,0
12648,2
12649,0
12650,2
12651,2
12652,0
12653,0
12654,2
12655,2
12656,0
12657,2
12658,0
12659,2
12660,0
12661,2
12662,0
12663,2
12664,0
12665,2
12666,0
12667,0
12668,0
12669,0
12670,0
12671,0
12672,0
12673,0
12674,2
12675,0
12676,0
12677,0
12678,2
12679,0
12680,2
12681,0
12682,2
12683,0
12684,2
12685,2
12686,0
12687,2
12688,2
12689,2
12690,0
12691,0
12692,0
12693,0
12694,2
12695,0
12696,0
12697,2
12698,0
12699,0
12700,0
12701,0
12702,0
12703,0
12704,0
12705,0
12706,2
12707,2
12708,2
12709,0
12710,1
12711,0
12712,0
12713,2
12714,2
12715,0
12716,0
12717,0
12718,0
12719,2
12720,0
12721,2
12722,0
12723,2
12724,0
12725,0
12726,0
12727,0
12728,2
12729,0
12730,0
12731,0
12732,0
12733,2
12734,2
12735,0
12736,0
12737,0
12738,2
12739,0
12740,2
12741,2
12742,0
12743,2
12744,0
12745,2
12746,0
12747,0
12748,0
12749,2
12750,0
12751,2
12752,0
12753,2
12754,0
12755,0
12756,2
12757,2
12758,2
12759,0
12760,2
12761,0
12762,0
12763,0
12764,0
12765,0
12766,2
12767,0
12768,0
12769,0
12770,0
12771,0
12772,2
12773,0
12774,0
12775,0
12776,0
12777,0
12778,0
12779,2
12780,0
12781,0
12782,2
12783,0
12784,0
12785,0
12786,2
12787,2
12788,0
12789,2
12790,2
12791,0
12792,0
12793,0
12794,2
12795,2
12796,0
12797,0
12798,0
12799,0
12800,2
12801,0
12802,0
12803,0
12804,2
12805,0
12806,2
12807,0
12808,0
12809,0
12810,0
12811,0
12812,0
12813,0
12814,0
12815,0
12816,2
12817,2
12818,0
12819,0
12820,0
12821,2
12822,2
12823,0
12824,0
12825,0
12826,0
12827,0
12828,0
12829,2
12830,0
12831,2
12832,0
12833,0
12834,2
12835,2
12836,0
12837,0
12838,2
12839,2
12840,2
12841,0
12842,0
12843,0
12844,2
12845,0
12846,0
12847,0
12848,0
12849,0
12850,0
12851,2
12852,0
12853,0
12854,0
12855,2
12856,0
12857,0
12858,0
12859,2
12860,0
12861,0
12862,0
12863,0
12864,0
12865,0
12866,0
12867,2
12868,0
12869,2
12870,0
12871,2
12872,0
12873,2
12874,2
12875,0
12876,2
12877,0
12878,2
12879,0
12880,2
12881,0
12882,0
12883,2
12884,0
12885,0
12886,0
12887,2
12888,0
12889,0
12890,2
12891,2
12892,0
12893,0
12894,0
12895,0
12896,0
12897,2
12898,0
12899,0
12900,0
12901,2
12902,0
12903,0
12904,0
12905,0
12906,0
12907,0
12908,2
12909,2
12910,0
12911,0
12912,0
12913,2
12914,0
12915,0
12916,2
12917,0
12918,2
12919,0
12920,0
12921,0
12922,0
12923,2
12924,2
12925,0
12926,2
12927,2
12928,0
12929,0
12930,0
12931,2
12932,2
12933,0
12934,2
12935,0
12936,0
12937,0
12938,0
12939,2
12940,2
12941,0
12942,0
12943,0
12944,0
12945,0
12946,2
12947,0
12948,0
12949,0
12950,0
12951,0
12952,0
12953,0
12954,2
12955,0
12956,2
12957,2
12958,0
12959,0
12960,0
12961,0
12962,2
12963,0
12964,0
12965,2
12966,0
12967,0
12968,2
12969,0
12970,0
12971,2
12972,2
12973,0
12974,0
12975,0
12976,2
12977,0
12978,0
12979,2
12980,0
12981,2
12982,0
12983,0
12984,2
12985,0
12986,0
12987,2
12988,0
12989,0
12990,0
12991,0
12992,0
12993,2
12994,0
12995,0
12996,2
12997,0
12998,0
12999,2
13000,0
13001,0
13002,2
13003,2
13004,2
13005,0
13006,0
13007,0
13008,0
13009,2
13010,0
13011,2
13012,0
13013,0
13014,0
13015,0
13016,0
13017,2
13018,2
13019,0
13020,0
13021,2
13022,0
13023,0
13024,0
13025,0
13026,2
13027,0
13028,0
13029,0
13030,2
13031,0
13032,0
13033,0
13034,2
13035,2
13036,0
13037,0
13038,0
13039,0
13040,0
13041,0
13042,0
13043,0
13044,0
13045,0
13046,0
13047,2
13048,2
13049,0
13050,2
13051,0
13052,0
13053,2
13054,0
13055,0
13056,0
13057,2
13058,0
13059,2
13060,0
13061,2
13062,2
13063,2
13064,0
13065,0
13066,0
13067,2
13068,0
13069,2
13070,0
13071,2
13072,0
13073,2
13074,2
13075,2
13076,2
13077,0
13078,0
13079,0
13080,2
13081,2
13082,0
13083,0
13084,0
13085,2
13086,0
13087,2
13088,0
13089,0
13090,0
13091,0
13092,2
13093,0
13094,0
13095,0
13096,0
13097,0
13098,0
13099,0
13100,0
13101,2
13102,2
13103,0
13104,2
13105,0
13106,0
13107,0
13108,0
13109,0
13110,0
13111,2
13112,0
13113,0
13114,0
13115,2
13116,2
13117,0
13118,0
13119,0
13120,0
13121,0
13122,0
13123,0
13124,0
13125,2
13126,2
13127,0
13128,2
13129,0
13130,0
13131,0
13132,2
13133,2
13134,0
13135,2
13136,2
13137,0
13138,0
13139,0
13140,0
13141,0
13142,2
13143,0
13144,2
13145,0
13146,2
13147,0
13148,0
13149,2
13150,2
13151,2
13152,0
13153,2
13154,0
13155,2
13156,0
13157,0
13158,2
13159,0
13160,2
13161,0
13162,0
13163,0
13164,2
13165,2
13166,2
13167,0
13168,0
13169,0
13170,0
13171,0
13172,0
13173,0
13174,0
13175,2
